"","Old_SampleID","Experiment","Files","Group","Diet","Week","week_rep","sample_name","WeekGroup","Sub.group","Description","Week_num","Day","Diet.reform"
"hfd12wk339","X1653.339","12wk","1653_339/1653_339-N701-S513__TAAGGCGA-TCGACTAG__S91_L001_R1_001.fastq.gz,1653_339/1653_339-N701-S513__TAAGGCGA-TCGACTAG__S91_L001_R2_001.fastq.gz","Control-diet","Control-diet","Week-0","Wk0-a","Wk0-a-CON","Weeks_0-3","CW0","CW01",0,1,"CON"
"hfd12wk340","X1653.340","12wk","1653_340/1653_340-N701-S515__TAAGGCGA-TTCTAGCT__S127_L001_R1_001.fastq.gz,1653_340/1653_340-N701-S515__TAAGGCGA-TTCTAGCT__S127_L001_R2_001.fastq.gz","Control-diet","Control-diet","Week-0","Wk0-b","Wk0-b-CON","Weeks_0-3","CW0","CW02",0,1,"CON"
"hfd12wk341","X1653.341","12wk","1653_341/1653_341-N701-S516__TAAGGCGA-CCTAGAGT__S162_L001_R1_001.fastq.gz,1653_341/1653_341-N701-S516__TAAGGCGA-CCTAGAGT__S162_L001_R2_001.fastq.gz","Control-diet","Control-diet","Week-0","Wk0-c","Wk0-c-CON","Weeks_0-3","CW0","CW03",0,1,"CON"
"hfd12wk342","X1653.342","12wk","1653_342/1653_342-N701-S517__TAAGGCGA-GCGTAAGA__S198_L001_R1_001.fastq.gz,1653_342/1653_342-N701-S517__TAAGGCGA-GCGTAAGA__S198_L001_R2_001.fastq.gz","Control-diet","Control-diet","Week-0","Wk0-d","Wk0-d-CON","Weeks_0-3","CW0","CW04",0,1,"CON"
"hfd12wk343","X1653.343","12wk","1653_343/1653_343-N701-S518__TAAGGCGA-CTATTAAG__S234_L001_R1_001.fastq.gz,1653_343/1653_343-N701-S518__TAAGGCGA-CTATTAAG__S234_L001_R2_001.fastq.gz","Control-diet","Control-diet","Week-0","Wk0-e","Wk0-e-CON","Weeks_0-3","CW0","CW05",0,1,"CON"
"hfd12wk344","X1653.344","12wk","1653_344/1653_344-N701-S520__TAAGGCGA-AAGGCTAT__S269_L001_R1_001.fastq.gz,1653_344/1653_344-N701-S520__TAAGGCGA-AAGGCTAT__S269_L001_R2_001.fastq.gz","Control-diet","Control-diet","Week-1","Wk1-a","Wk1-a-CON","Weeks_0-3","CW1","CW11",1,7,"CON"
"hfd12wk345","X1653.345","12wk","1653_345/1653_345-N701-S521__TAAGGCGA-GAGCCTTA__S303_L001_R1_001.fastq.gz,1653_345/1653_345-N701-S521__TAAGGCGA-GAGCCTTA__S303_L001_R2_001.fastq.gz","Control-diet","Control-diet","Week-1","Wk1-b","Wk1-b-CON","Weeks_0-3","CW1","CW12",1,7,"CON"
"hfd12wk346","X1653.346","12wk","1653_346/1653_346-N701-S522__TAAGGCGA-TTATGCGA__S339_L001_R1_001.fastq.gz,1653_346/1653_346-N701-S522__TAAGGCGA-TTATGCGA__S339_L001_R2_001.fastq.gz","Control-diet","Control-diet","Week-1","Wk1-c","Wk1-c-CON","Weeks_0-3","CW1","CW13",1,7,"CON"
"hfd12wk347","X1653.347","12wk","1653_347/1653_347-N702-S513__CGTACTAG-TCGACTAG__S94_L001_R1_001.fastq.gz,1653_347/1653_347-N702-S513__CGTACTAG-TCGACTAG__S94_L001_R2_001.fastq.gz","Control-diet","Control-diet","Week-1","Wk1-d","Wk1-d-CON","Weeks_0-3","CW1","CW14",1,7,"CON"
"hfd12wk348","X1653.348","12wk","1653_348/1653_348-N702-S515__CGTACTAG-TTCTAGCT__S130_L001_R1_001.fastq.gz,1653_348/1653_348-N702-S515__CGTACTAG-TTCTAGCT__S130_L001_R2_001.fastq.gz","Control-diet","Control-diet","Week-1","Wk1-e","Wk1-e-CON","Weeks_0-3","CW1","CW15",1,7,"CON"
"hfd12wk349","X1653.349","12wk","1653_349/1653_349-N702-S516__CGTACTAG-CCTAGAGT__S165_L001_R1_001.fastq.gz,1653_349/1653_349-N702-S516__CGTACTAG-CCTAGAGT__S165_L001_R2_001.fastq.gz","Control-diet","Control-diet","Week-2","Wk2-a","Wk2-a-CON","Weeks_0-3","CW2","CW21",2,14,"CON"
"hfd12wk350","X1653.350","12wk","1653_350/1653_350-N702-S517__CGTACTAG-GCGTAAGA__S201_L001_R1_001.fastq.gz,1653_350/1653_350-N702-S517__CGTACTAG-GCGTAAGA__S201_L001_R2_001.fastq.gz","Control-diet","Control-diet","Week-2","Wk2-b","Wk2-b-CON","Weeks_0-3","CW2","CW22",2,14,"CON"
"hfd12wk351","X1653.351","12wk","1653_351/1653_351-N702-S518__CGTACTAG-CTATTAAG__S237_L001_R1_001.fastq.gz,1653_351/1653_351-N702-S518__CGTACTAG-CTATTAAG__S237_L001_R2_001.fastq.gz","Control-diet","Control-diet","Week-2","Wk2-c","Wk2-c-CON","Weeks_0-3","CW2","CW23",2,14,"CON"
"hfd12wk352","X1653.352","12wk","1653_352/1653_352-N702-S520__CGTACTAG-AAGGCTAT__S272_L001_R1_001.fastq.gz,1653_352/1653_352-N702-S520__CGTACTAG-AAGGCTAT__S272_L001_R2_001.fastq.gz","Control-diet","Control-diet","Week-2","Wk2-d","Wk2-d-CON","Weeks_0-3","CW2","CW24",2,14,"CON"
"hfd12wk353","X1653.353","12wk","1653_353/1653_353-N702-S521__CGTACTAG-GAGCCTTA__S306_L001_R1_001.fastq.gz,1653_353/1653_353-N702-S521__CGTACTAG-GAGCCTTA__S306_L001_R2_001.fastq.gz","Control-diet","Control-diet","Week-2","Wk2-e","Wk2-e-CON","Weeks_0-3","CW2","CW25",2,14,"CON"
"hfd12wk354","X1653.354","12wk","1653_354/1653_354-N702-S522__CGTACTAG-TTATGCGA__S342_L001_R1_001.fastq.gz,1653_354/1653_354-N702-S522__CGTACTAG-TTATGCGA__S342_L001_R2_001.fastq.gz","Control-diet","Control-diet","Week-3","Wk3-a","Wk3-a-CON","Weeks_0-3","CW3","CW31",3,21,"CON"
"hfd12wk355","X1653.355","12wk","1653_355/1653_355-N703-S513__AGGCAGAA-TCGACTAG__S97_L001_R1_001.fastq.gz,1653_355/1653_355-N703-S513__AGGCAGAA-TCGACTAG__S97_L001_R2_001.fastq.gz","Control-diet","Control-diet","Week-3","Wk3-b","Wk3-b-CON","Weeks_0-3","CW3","CW32",3,21,"CON"
"hfd12wk356","X1653.356","12wk","1653_356/1653_356-N703-S515__AGGCAGAA-TTCTAGCT__S133_L001_R1_001.fastq.gz,1653_356/1653_356-N703-S515__AGGCAGAA-TTCTAGCT__S133_L001_R2_001.fastq.gz","Control-diet","Control-diet","Week-3","Wk3-c","Wk3-c-CON","Weeks_0-3","CW3","CW33",3,21,"CON"
"hfd12wk357","X1653.357","12wk","1653_357/1653_357-N703-S516__AGGCAGAA-CCTAGAGT__S168_L001_R1_001.fastq.gz,1653_357/1653_357-N703-S516__AGGCAGAA-CCTAGAGT__S168_L001_R2_001.fastq.gz","Control-diet","Control-diet","Week-3","Wk3-d","Wk3-d-CON","Weeks_0-3","CW3","CW34",3,21,"CON"
"hfd12wk358","X1653.358","12wk","1653_358/1653_358-N703-S517__AGGCAGAA-GCGTAAGA__S204_L001_R1_001.fastq.gz,1653_358/1653_358-N703-S517__AGGCAGAA-GCGTAAGA__S204_L001_R2_001.fastq.gz","Control-diet","Control-diet","Week-3","Wk3-e","Wk3-e-CON","Weeks_0-3","CW3","CW35",3,21,"CON"
"hfd12wk359","X1653.359","12wk","1653_359/1653_359-N703-S518__AGGCAGAA-CTATTAAG__S240_L001_R1_001.fastq.gz,1653_359/1653_359-N703-S518__AGGCAGAA-CTATTAAG__S240_L001_R2_001.fastq.gz","Control-diet","Control-diet","Week-4","Wk4-a","Wk4-a-CON","Weeks_4-6","CW4","CW41",4,28,"CON"
"hfd12wk360","X1653.360","12wk","1653_360/1653_360-N703-S520__AGGCAGAA-AAGGCTAT__S275_L001_R1_001.fastq.gz,1653_360/1653_360-N703-S520__AGGCAGAA-AAGGCTAT__S275_L001_R2_001.fastq.gz","Control-diet","Control-diet","Week-4","Wk4-b","Wk4-b-CON","Weeks_4-6","CW4","CW42",4,28,"CON"
"hfd12wk361","X1653.361","12wk","1653_361/1653_361-N703-S521__AGGCAGAA-GAGCCTTA__S309_L001_R1_001.fastq.gz,1653_361/1653_361-N703-S521__AGGCAGAA-GAGCCTTA__S309_L001_R2_001.fastq.gz","Control-diet","Control-diet","Week-4","Wk4-c","Wk4-c-CON","Weeks_4-6","CW4","CW43",4,28,"CON"
"hfd12wk362","X1653.362","12wk","1653_362/1653_362-N703-S522__AGGCAGAA-TTATGCGA__S345_L001_R1_001.fastq.gz,1653_362/1653_362-N703-S522__AGGCAGAA-TTATGCGA__S345_L001_R2_001.fastq.gz","Control-diet","Control-diet","Week-4","Wk4-d","Wk4-d-CON","Weeks_4-6","CW4","CW44",4,28,"CON"
"hfd12wk363","X1653.363","12wk","1653_363/1653_363-N704-S513__TCCTGAGC-TCGACTAG__S100_L001_R1_001.fastq.gz,1653_363/1653_363-N704-S513__TCCTGAGC-TCGACTAG__S100_L001_R2_001.fastq.gz","Control-diet","Control-diet","Week-4","Wk4-e","Wk4-e-CON","Weeks_4-6","CW4","CW45",4,28,"CON"
"hfd12wk364","X1653.364","12wk","1653_364/1653_364-N704-S515__TCCTGAGC-TTCTAGCT__S136_L001_R1_001.fastq.gz,1653_364/1653_364-N704-S515__TCCTGAGC-TTCTAGCT__S136_L001_R2_001.fastq.gz","Control-diet","Control-diet","Week-5","Wk5-a","Wk5-a-CON","Weeks_4-6","CW5","CW51",5,35,"CON"
"hfd12wk365","X1653.365","12wk","1653_365/1653_365-N704-S516__TCCTGAGC-CCTAGAGT__S171_L001_R1_001.fastq.gz,1653_365/1653_365-N704-S516__TCCTGAGC-CCTAGAGT__S171_L001_R2_001.fastq.gz","Control-diet","Control-diet","Week-5","Wk5-b","Wk5-b-CON","Weeks_4-6","CW5","CW52",5,35,"CON"
"hfd12wk366","X1653.366","12wk","1653_366/1653_366-N704-S517__TCCTGAGC-GCGTAAGA__S207_L001_R1_001.fastq.gz,1653_366/1653_366-N704-S517__TCCTGAGC-GCGTAAGA__S207_L001_R2_001.fastq.gz","Control-diet","Control-diet","Week-5","Wk5-c","Wk5-c-CON","Weeks_4-6","CW5","CW53",5,35,"CON"
"hfd12wk367","X1653.367","12wk","1653_367/1653_367-N704-S518__TCCTGAGC-CTATTAAG__S243_L001_R1_001.fastq.gz,1653_367/1653_367-N704-S518__TCCTGAGC-CTATTAAG__S243_L001_R2_001.fastq.gz","Control-diet","Control-diet","Week-5","Wk5-d","Wk5-d-CON","Weeks_4-6","CW5","CW54",5,35,"CON"
"hfd12wk368","X1653.368","12wk","1653_368/1653_368-N704-S520__TCCTGAGC-AAGGCTAT__S278_L001_R1_001.fastq.gz,1653_368/1653_368-N704-S520__TCCTGAGC-AAGGCTAT__S278_L001_R2_001.fastq.gz","Control-diet","Control-diet","Week-5","Wk5-e","Wk5-e-CON","Weeks_4-6","CW5","CW55",5,35,"CON"
"hfd12wk369","X1653.369","12wk","1653_369/1653_369-N704-S521__TCCTGAGC-GAGCCTTA__S312_L001_R1_001.fastq.gz,1653_369/1653_369-N704-S521__TCCTGAGC-GAGCCTTA__S312_L001_R2_001.fastq.gz","Control-diet","Control-diet","Week-6","Wk6-a","Wk6-a-CON","Weeks_4-6","CW6","CW61",6,42,"CON"
"hfd12wk370","X1653.370","12wk","1653_370/1653_370-N704-S522__TCCTGAGC-TTATGCGA__S348_L001_R1_001.fastq.gz,1653_370/1653_370-N704-S522__TCCTGAGC-TTATGCGA__S348_L001_R2_001.fastq.gz","Control-diet","Control-diet","Week-6","Wk6-b","Wk6-b-CON","Weeks_4-6","CW6","CW62",6,42,"CON"
"hfd12wk371","X1653.371","12wk","1653_371/1653_371-N705-S513__GGACTCCT-TCGACTAG__S103_L001_R1_001.fastq.gz,1653_371/1653_371-N705-S513__GGACTCCT-TCGACTAG__S103_L001_R2_001.fastq.gz","Control-diet","Control-diet","Week-6","Wk6-c","Wk6-c-CON","Weeks_4-6","CW6","CW63",6,42,"CON"
"hfd12wk372","X1653.372","12wk","1653_372/1653_372-N705-S515__GGACTCCT-TTCTAGCT__S139_L001_R1_001.fastq.gz,1653_372/1653_372-N705-S515__GGACTCCT-TTCTAGCT__S139_L001_R2_001.fastq.gz","Control-diet","Control-diet","Week-6","Wk6-d","Wk6-d-CON","Weeks_4-6","CW6","CW64",6,42,"CON"
"hfd12wk373","X1653.373","12wk","1653_373/1653_373-N705-S516__GGACTCCT-CCTAGAGT__S174_L001_R1_001.fastq.gz,1653_373/1653_373-N705-S516__GGACTCCT-CCTAGAGT__S174_L001_R2_001.fastq.gz","Control-diet","Control-diet","Week-6","Wk6-e","Wk6-e-CON","Weeks_4-6","CW6","CW65",6,42,"CON"
"hfd12wk374","X1653.374","12wk","1653_374/1653_374-N705-S517__GGACTCCT-GCGTAAGA__S210_L001_R1_001.fastq.gz,1653_374/1653_374-N705-S517__GGACTCCT-GCGTAAGA__S210_L001_R2_001.fastq.gz","Control-diet","Control-diet","Week-7","Wk7-a","Wk7-a-CON","Weeks_7-9","CW7","CW71",7,49,"CON"
"hfd12wk375","X1653.375","12wk","1653_375/1653_375-N705-S518__GGACTCCT-CTATTAAG__S246_L001_R1_001.fastq.gz,1653_375/1653_375-N705-S518__GGACTCCT-CTATTAAG__S246_L001_R2_001.fastq.gz","Control-diet","Control-diet","Week-7","Wk7-b","Wk7-b-CON","Weeks_7-9","CW7","CW72",7,49,"CON"
"hfd12wk376","X1653.376","12wk","1653_376/1653_376-N705-S520__GGACTCCT-AAGGCTAT__S281_L001_R1_001.fastq.gz,1653_376/1653_376-N705-S520__GGACTCCT-AAGGCTAT__S281_L001_R2_001.fastq.gz","Control-diet","Control-diet","Week-7","Wk7-c","Wk7-c-CON","Weeks_7-9","CW7","CW73",7,49,"CON"
"hfd12wk377","X1653.377","12wk","1653_377/1653_377-N705-S521__GGACTCCT-GAGCCTTA__S315_L001_R1_001.fastq.gz,1653_377/1653_377-N705-S521__GGACTCCT-GAGCCTTA__S315_L001_R2_001.fastq.gz","Control-diet","Control-diet","Week-7","Wk7-d","Wk7-d-CON","Weeks_7-9","CW7","CW74",7,49,"CON"
"hfd12wk378","X1653.378","12wk","1653_378/1653_378-N705-S522__GGACTCCT-TTATGCGA__S351_L001_R1_001.fastq.gz,1653_378/1653_378-N705-S522__GGACTCCT-TTATGCGA__S351_L001_R2_001.fastq.gz","Control-diet","Control-diet","Week-7","Wk7-e","Wk7-e-CON","Weeks_7-9","CW7","CW75",7,49,"CON"
"hfd12wk379","X1653.379","12wk","1653_379/1653_379-N706-S513__TAGGCATG-TCGACTAG__S106_L001_R1_001.fastq.gz,1653_379/1653_379-N706-S513__TAGGCATG-TCGACTAG__S106_L001_R2_001.fastq.gz","Control-diet","Control-diet","Week-8","Wk8-a","Wk8-a-CON","Weeks_7-9","CW8","CW81",8,56,"CON"
"hfd12wk380","X1653.380","12wk","1653_380/1653_380-N706-S515__TAGGCATG-TTCTAGCT__S142_L001_R1_001.fastq.gz,1653_380/1653_380-N706-S515__TAGGCATG-TTCTAGCT__S142_L001_R2_001.fastq.gz","Control-diet","Control-diet","Week-8","Wk8-b","Wk8-b-CON","Weeks_7-9","CW8","CW82",8,56,"CON"
"hfd12wk381","X1653.381","12wk","1653_381/1653_381-N706-S516__TAGGCATG-CCTAGAGT__S177_L001_R1_001.fastq.gz,1653_381/1653_381-N706-S516__TAGGCATG-CCTAGAGT__S177_L001_R2_001.fastq.gz","Control-diet","Control-diet","Week-8","Wk8-c","Wk8-c-CON","Weeks_7-9","CW8","CW83",8,56,"CON"
"hfd12wk382","X1653.382","12wk","1653_382/1653_382-N706-S517__TAGGCATG-GCGTAAGA__S213_L001_R1_001.fastq.gz,1653_382/1653_382-N706-S517__TAGGCATG-GCGTAAGA__S213_L001_R2_001.fastq.gz","Control-diet","Control-diet","Week-8","Wk8-d","Wk8-d-CON","Weeks_7-9","CW8","CW84",8,56,"CON"
"hfd12wk383","X1653.383","12wk","1653_383/1653_383-N706-S518__TAGGCATG-CTATTAAG__S249_L001_R1_001.fastq.gz,1653_383/1653_383-N706-S518__TAGGCATG-CTATTAAG__S249_L001_R2_001.fastq.gz","Control-diet","Control-diet","Week-8","Wk8-e","Wk8-e-CON","Weeks_7-9","CW8","CW85",8,56,"CON"
"hfd12wk384","X1653.384","12wk","1653_384/1653_384-N706-S520__TAGGCATG-AAGGCTAT__S284_L001_R1_001.fastq.gz,1653_384/1653_384-N706-S520__TAGGCATG-AAGGCTAT__S284_L001_R2_001.fastq.gz","Control-diet","Control-diet","Week-9","Wk9-a","Wk9-a-CON","Weeks_7-9","CW9","CW91",9,63,"CON"
"hfd12wk385","X1653.385","12wk","1653_385/1653_385-N706-S521__TAGGCATG-GAGCCTTA__S318_L001_R1_001.fastq.gz,1653_385/1653_385-N706-S521__TAGGCATG-GAGCCTTA__S318_L001_R2_001.fastq.gz","Control-diet","Control-diet","Week-9","Wk9-b","Wk9-b-CON","Weeks_7-9","CW9","CW92",9,63,"CON"
"hfd12wk386","X1653.386","12wk","1653_386/1653_386-N706-S522__TAGGCATG-TTATGCGA__S354_L001_R1_001.fastq.gz,1653_386/1653_386-N706-S522__TAGGCATG-TTATGCGA__S354_L001_R2_001.fastq.gz","Control-diet","Control-diet","Week-9","Wk9-c","Wk9-c-CON","Weeks_7-9","CW9","CW93",9,63,"CON"
"hfd12wk387","X1653.387","12wk","1653_387/1653_387-N707-S513__CTCTCTAC-TCGACTAG__S109_L001_R1_001.fastq.gz,1653_387/1653_387-N707-S513__CTCTCTAC-TCGACTAG__S109_L001_R2_001.fastq.gz","Control-diet","Control-diet","Week-9","Wk9-d","Wk9-d-CON","Weeks_7-9","CW9","CW94",9,63,"CON"
"hfd12wk388","X1653.388","12wk","1653_388/1653_388-N707-S515__CTCTCTAC-TTCTAGCT__S144_L001_R1_001.fastq.gz,1653_388/1653_388-N707-S515__CTCTCTAC-TTCTAGCT__S144_L001_R2_001.fastq.gz","Control-diet","Control-diet","Week-9","Wk9-e","Wk9-e-CON","Weeks_7-9","CW9","CW95",9,63,"CON"
"hfd12wk389","X1653.389","12wk","1653_389/1653_389-N707-S516__CTCTCTAC-CCTAGAGT__S180_L001_R1_001.fastq.gz,1653_389/1653_389-N707-S516__CTCTCTAC-CCTAGAGT__S180_L001_R2_001.fastq.gz","Control-diet","Control-diet","Week-10","Wk10-a","Wk10-a-CON","Weeks_10-12","CW10","CW101",10,70,"CON"
"hfd12wk390","X1653.390","12wk","1653_390/1653_390-N707-S517__CTCTCTAC-GCGTAAGA__S216_L001_R1_001.fastq.gz,1653_390/1653_390-N707-S517__CTCTCTAC-GCGTAAGA__S216_L001_R2_001.fastq.gz","Control-diet","Control-diet","Week-10","Wk10-b","Wk10-b-CON","Weeks_10-12","CW10","CW102",10,70,"CON"
"hfd12wk391","X1653.391","12wk","1653_391/1653_391-N707-S518__CTCTCTAC-CTATTAAG__S252_L001_R1_001.fastq.gz,1653_391/1653_391-N707-S518__CTCTCTAC-CTATTAAG__S252_L001_R2_001.fastq.gz","Control-diet","Control-diet","Week-10","Wk10-c","Wk10-c-CON","Weeks_10-12","CW10","CW103",10,70,"CON"
"hfd12wk393","X1653.393","12wk","1653_393/1653_393-N707-S521__CTCTCTAC-GAGCCTTA__S321_L001_R1_001.fastq.gz,1653_393/1653_393-N707-S521__CTCTCTAC-GAGCCTTA__S321_L001_R2_001.fastq.gz","Control-diet","Control-diet","Week-10","Wk10-d","Wk10-d-CON","Weeks_10-12","CW10","CW105",10,70,"CON"
"hfd12wk394","X1653.394","12wk","1653_394/1653_394-N707-S522__CTCTCTAC-TTATGCGA__S357_L001_R1_001.fastq.gz,1653_394/1653_394-N707-S522__CTCTCTAC-TTATGCGA__S357_L001_R2_001.fastq.gz","Control-diet","Control-diet","Week-11","Wk11-a","Wk11-a-CON","Weeks_10-12","CW11","CW111",11,77,"CON"
"hfd12wk395","X1653.395","12wk","1653_395/1653_395-N710-S513__CGAGGCTG-TCGACTAG__S112_L001_R1_001.fastq.gz,1653_395/1653_395-N710-S513__CGAGGCTG-TCGACTAG__S112_L001_R2_001.fastq.gz","Control-diet","Control-diet","Week-11","Wk11-b","Wk11-b-CON","Weeks_10-12","CW11","CW112",11,77,"CON"
"hfd12wk396","X1653.396","12wk","1653_396/1653_396-N710-S515__CGAGGCTG-TTCTAGCT__S147_L001_R1_001.fastq.gz,1653_396/1653_396-N710-S515__CGAGGCTG-TTCTAGCT__S147_L001_R2_001.fastq.gz","Control-diet","Control-diet","Week-11","Wk11-c","Wk11-c-CON","Weeks_10-12","CW11","CW113",11,77,"CON"
"hfd12wk397","X1653.397","12wk","1653_397/1653_397-N710-S516__CGAGGCTG-CCTAGAGT__S183_L001_R1_001.fastq.gz,1653_397/1653_397-N710-S516__CGAGGCTG-CCTAGAGT__S183_L001_R2_001.fastq.gz","Control-diet","Control-diet","Week-11","Wk11-d","Wk11-d-CON","Weeks_10-12","CW11","CW114",11,77,"CON"
"hfd12wk398","X1653.398","12wk","1653_398/1653_398-N710-S517__CGAGGCTG-GCGTAAGA__S219_L001_R1_001.fastq.gz,1653_398/1653_398-N710-S517__CGAGGCTG-GCGTAAGA__S219_L001_R2_001.fastq.gz","Control-diet","Control-diet","Week-11","Wk11-e","Wk11-e-CON","Weeks_10-12","CW11","CW115",11,77,"CON"
"hfd12wk399","X1653.399","12wk","1653_399/1653_399-N710-S518__CGAGGCTG-CTATTAAG__S255_L001_R1_001.fastq.gz,1653_399/1653_399-N710-S518__CGAGGCTG-CTATTAAG__S255_L001_R2_001.fastq.gz","Control-diet","Control-diet","Week-12","Wk12-a","Wk12-a-CON","Weeks_10-12","CW12","CW121",12,84,"CON"
"hfd12wk400","X1653.400","12wk","1653_400/1653_400-N710-S520__CGAGGCTG-AAGGCTAT__S288_L001_R1_001.fastq.gz,1653_400/1653_400-N710-S520__CGAGGCTG-AAGGCTAT__S288_L001_R2_001.fastq.gz","Control-diet","Control-diet","Week-12","Wk12-b","Wk12-b-CON","Weeks_10-12","CW12","CW122",12,84,"CON"
"hfd12wk401","X1653.401","12wk","1653_401/1653_401-N710-S521__CGAGGCTG-GAGCCTTA__S324_L001_R1_001.fastq.gz,1653_401/1653_401-N710-S521__CGAGGCTG-GAGCCTTA__S324_L001_R2_001.fastq.gz","Control-diet","Control-diet","Week-12","Wk12-c","Wk12-c-CON","Weeks_10-12","CW12","CW123",12,84,"CON"
"hfd12wk402","X1653.402","12wk","1653_402/1653_402-N710-S522__CGAGGCTG-TTATGCGA__S360_L001_R1_001.fastq.gz,1653_402/1653_402-N710-S522__CGAGGCTG-TTATGCGA__S360_L001_R2_001.fastq.gz","Control-diet","Control-diet","Week-12","Wk12-d","Wk12-d-CON","Weeks_10-12","CW12","CW124",12,84,"CON"
"hfd12wk403","X1653.403","12wk","1653_403/1653_403-N711-S513__AAGAGGCA-TCGACTAG__S115_L001_R1_001.fastq.gz,1653_403/1653_403-N711-S513__AAGAGGCA-TCGACTAG__S115_L001_R2_001.fastq.gz","Control-diet","Control-diet","Week-12","Wk12-e","Wk12-e-CON","Weeks_10-12","CW12","CW125",12,84,"CON"
"hfd12wk404","X1653.404","12wk","1653_404/1653_404-N711-S515__AAGAGGCA-TTCTAGCT__S150_L001_R1_001.fastq.gz,1653_404/1653_404-N711-S515__AAGAGGCA-TTCTAGCT__S150_L001_R2_001.fastq.gz","HFD","HFD","Week-1","Wk1-a","Wk1-a-HFD","Weeks_0-3","HFDW1","HFW11",1,7,"HFD"
"hfd12wk405","X1653.405","12wk","1653_405/1653_405-N711-S516__AAGAGGCA-CCTAGAGT__S186_L001_R1_001.fastq.gz,1653_405/1653_405-N711-S516__AAGAGGCA-CCTAGAGT__S186_L001_R2_001.fastq.gz","HFD","HFD","Week-1","Wk1-b","Wk1-b-HFD","Weeks_0-3","HFDW1","HFW12",1,7,"HFD"
"hfd12wk406","X1653.406","12wk","1653_406/1653_406-N711-S517__AAGAGGCA-GCGTAAGA__S222_L001_R1_001.fastq.gz,1653_406/1653_406-N711-S517__AAGAGGCA-GCGTAAGA__S222_L001_R2_001.fastq.gz","HFD","HFD","Week-1","Wk1-c","Wk1-c-HFD","Weeks_0-3","HFDW1","HFW13",1,7,"HFD"
"hfd12wk407","X1653.407","12wk","1653_407/1653_407-N711-S518__AAGAGGCA-CTATTAAG__S257_L001_R1_001.fastq.gz,1653_407/1653_407-N711-S518__AAGAGGCA-CTATTAAG__S257_L001_R2_001.fastq.gz","HFD","HFD","Week-1","Wk1-d","Wk1-d-HFD","Weeks_0-3","HFDW1","HFW14",1,7,"HFD"
"hfd12wk408","X1653.408","12wk","1653_408/1653_408-N711-S520__AAGAGGCA-AAGGCTAT__S291_L001_R1_001.fastq.gz,1653_408/1653_408-N711-S520__AAGAGGCA-AAGGCTAT__S291_L001_R2_001.fastq.gz","HFD","HFD","Week-1","Wk1-e","Wk1-e-HFD","Weeks_0-3","HFDW1","HFW15",1,7,"HFD"
"hfd12wk409","X1653.409","12wk","1653_409/1653_409-N711-S521__AAGAGGCA-GAGCCTTA__S327_L001_R1_001.fastq.gz,1653_409/1653_409-N711-S521__AAGAGGCA-GAGCCTTA__S327_L001_R2_001.fastq.gz","HFD","HFD","Week-2","Wk2-a","Wk2-a-HFD","Weeks_0-3","HFDW2","HFW21",2,14,"HFD"
"hfd12wk410","X1653.410","12wk","1653_410/1653_410-N711-S522__AAGAGGCA-TTATGCGA__S363_L001_R1_001.fastq.gz,1653_410/1653_410-N711-S522__AAGAGGCA-TTATGCGA__S363_L001_R2_001.fastq.gz","HFD","HFD","Week-2","Wk2-b","Wk2-b-HFD","Weeks_0-3","HFDW2","HFW22",2,14,"HFD"
"hfd12wk411","X1653.411","12wk","1653_411/1653_411-N712-S513__GTAGAGGA-TCGACTAG__S118_L001_R1_001.fastq.gz,1653_411/1653_411-N712-S513__GTAGAGGA-TCGACTAG__S118_L001_R2_001.fastq.gz","HFD","HFD","Week-2","Wk2-c","Wk2-c-HFD","Weeks_0-3","HFDW2","HFW23",2,14,"HFD"
"hfd12wk412","X1653.412","12wk","1653_412/1653_412-N712-S515__GTAGAGGA-TTCTAGCT__S153_L001_R1_001.fastq.gz,1653_412/1653_412-N712-S515__GTAGAGGA-TTCTAGCT__S153_L001_R2_001.fastq.gz","HFD","HFD","Week-2","Wk2-d","Wk2-d-HFD","Weeks_0-3","HFDW2","HFW24",2,14,"HFD"
"hfd12wk413","X1653.413","12wk","1653_413/1653_413-N712-S516__GTAGAGGA-CCTAGAGT__S189_L001_R1_001.fastq.gz,1653_413/1653_413-N712-S516__GTAGAGGA-CCTAGAGT__S189_L001_R2_001.fastq.gz","HFD","HFD","Week-2","Wk2-e","Wk2-e-HFD","Weeks_0-3","HFDW2","HFW25",2,14,"HFD"
"hfd12wk414","X1653.414","12wk","1653_414/1653_414-N712-S517__GTAGAGGA-GCGTAAGA__S225_L001_R1_001.fastq.gz,1653_414/1653_414-N712-S517__GTAGAGGA-GCGTAAGA__S225_L001_R2_001.fastq.gz","HFD","HFD","Week-3","Wk3-a","Wk3-a-HFD","Weeks_0-3","HFDW3","HFW31",3,21,"HFD"
"hfd12wk415","X1653.415","12wk","1653_415/1653_415-N712-S518__GTAGAGGA-CTATTAAG__S260_L001_R1_001.fastq.gz,1653_415/1653_415-N712-S518__GTAGAGGA-CTATTAAG__S260_L001_R2_001.fastq.gz","HFD","HFD","Week-3","Wk3-b","Wk3-b-HFD","Weeks_0-3","HFDW3","HFW32",3,21,"HFD"
"hfd12wk416","X1653.416","12wk","1653_416/1653_416-N712-S520__GTAGAGGA-AAGGCTAT__S294_L001_R1_001.fastq.gz,1653_416/1653_416-N712-S520__GTAGAGGA-AAGGCTAT__S294_L001_R2_001.fastq.gz","HFD","HFD","Week-3","Wk3-c","Wk3-c-HFD","Weeks_0-3","HFDW3","HFW33",3,21,"HFD"
"hfd12wk417","X1653.417","12wk","1653_417/1653_417-N712-S521__GTAGAGGA-GAGCCTTA__S330_L001_R1_001.fastq.gz,1653_417/1653_417-N712-S521__GTAGAGGA-GAGCCTTA__S330_L001_R2_001.fastq.gz","HFD","HFD","Week-3","Wk3-d","Wk3-d-HFD","Weeks_0-3","HFDW3","HFW34",3,21,"HFD"
"hfd12wk418","X1653.418","12wk","1653_418/1653_418-N712-S522__GTAGAGGA-TTATGCGA__S366_L001_R1_001.fastq.gz,1653_418/1653_418-N712-S522__GTAGAGGA-TTATGCGA__S366_L001_R2_001.fastq.gz","HFD","HFD","Week-3","Wk3-e","Wk3-e-HFD","Weeks_0-3","HFDW3","HFW35",3,21,"HFD"
"hfd12wk419","X1653.419","12wk","1653_419/1653_419-N714-S513__GCTCATGA-TCGACTAG__S121_L001_R1_001.fastq.gz,1653_419/1653_419-N714-S513__GCTCATGA-TCGACTAG__S121_L001_R2_001.fastq.gz","HFD","HFD","Week-4","Wk4-a","Wk4-a-HFD","Weeks_4-6","HFDW4","HFW41",4,28,"HFD"
"hfd12wk420","X1653.420","12wk","1653_420/1653_420-N714-S515__GCTCATGA-TTCTAGCT__S156_L001_R1_001.fastq.gz,1653_420/1653_420-N714-S515__GCTCATGA-TTCTAGCT__S156_L001_R2_001.fastq.gz","HFD","HFD","Week-4","Wk4-b","Wk4-b-HFD","Weeks_4-6","HFDW4","HFW42",4,28,"HFD"
"hfd12wk421","X1653.421","12wk","1653_421/1653_421-N714-S516__GCTCATGA-CCTAGAGT__S192_L001_R1_001.fastq.gz,1653_421/1653_421-N714-S516__GCTCATGA-CCTAGAGT__S192_L001_R2_001.fastq.gz","HFD","HFD","Week-4","Wk4-c","Wk4-c-HFD","Weeks_4-6","HFDW4","HFW43",4,28,"HFD"
"hfd12wk422","X1653.422","12wk","1653_422/1653_422-N714-S517__GCTCATGA-GCGTAAGA__S228_L001_R1_001.fastq.gz,1653_422/1653_422-N714-S517__GCTCATGA-GCGTAAGA__S228_L001_R2_001.fastq.gz","HFD","HFD","Week-4","Wk4-d","Wk4-d-HFD","Weeks_4-6","HFDW4","HFW44",4,28,"HFD"
"hfd12wk423","X1653.423","12wk","1653_423/1653_423-N714-S518__GCTCATGA-CTATTAAG__S263_L001_R1_001.fastq.gz,1653_423/1653_423-N714-S518__GCTCATGA-CTATTAAG__S263_L001_R2_001.fastq.gz","HFD","HFD","Week-4","Wk4-e","Wk4-e-HFD","Weeks_4-6","HFDW4","HFW45",4,28,"HFD"
"hfd12wk424","X1653.424","12wk","1653_424/1653_424-N714-S520__GCTCATGA-AAGGCTAT__S297_L001_R1_001.fastq.gz,1653_424/1653_424-N714-S520__GCTCATGA-AAGGCTAT__S297_L001_R2_001.fastq.gz","HFD","HFD","Week-5","Wk5-a","Wk5-a-HFD","Weeks_4-6","HFDW5","HFW51",5,35,"HFD"
"hfd12wk425","X1653.425","12wk","1653_425/1653_425-N714-S521__GCTCATGA-GAGCCTTA__S333_L001_R1_001.fastq.gz,1653_425/1653_425-N714-S521__GCTCATGA-GAGCCTTA__S333_L001_R2_001.fastq.gz","HFD","HFD","Week-5","Wk5-b","Wk5-b-HFD","Weeks_4-6","HFDW5","HFW52",5,35,"HFD"
"hfd12wk426","X1653.426","12wk","1653_426/1653_426-N714-S522__GCTCATGA-TTATGCGA__S369_L001_R1_001.fastq.gz,1653_426/1653_426-N714-S522__GCTCATGA-TTATGCGA__S369_L001_R2_001.fastq.gz","HFD","HFD","Week-5","Wk5-c","Wk5-c-HFD","Weeks_4-6","HFDW5","HFW53",5,35,"HFD"
"hfd12wk427","X1653.427","12wk","1653_427/1653_427-N715-S513__ATCTCAGG-TCGACTAG__S124_L001_R1_001.fastq.gz,1653_427/1653_427-N715-S513__ATCTCAGG-TCGACTAG__S124_L001_R2_001.fastq.gz","HFD","HFD","Week-5","Wk5-d","Wk5-d-HFD","Weeks_4-6","HFDW5","HFW54",5,35,"HFD"
"hfd12wk428","X1653.428","12wk","1653_428/1653_428-N715-S515__ATCTCAGG-TTCTAGCT__S159_L001_R1_001.fastq.gz,1653_428/1653_428-N715-S515__ATCTCAGG-TTCTAGCT__S159_L001_R2_001.fastq.gz","HFD","HFD","Week-5","Wk5-e","Wk5-e-HFD","Weeks_4-6","HFDW5","HFW55",5,35,"HFD"
"hfd12wk429","X1653.429","12wk","1653_429/1653_429-N715-S516__ATCTCAGG-CCTAGAGT__S195_L001_R1_001.fastq.gz,1653_429/1653_429-N715-S516__ATCTCAGG-CCTAGAGT__S195_L001_R2_001.fastq.gz","HFD","HFD","Week-6","Wk6-a","Wk6-a-HFD","Weeks_4-6","HFDW6","HFW61",6,42,"HFD"
"hfd12wk430","X1653.430","12wk","1653_430/1653_430-N715-S517__ATCTCAGG-GCGTAAGA__S231_L001_R1_001.fastq.gz,1653_430/1653_430-N715-S517__ATCTCAGG-GCGTAAGA__S231_L001_R2_001.fastq.gz","HFD","HFD","Week-6","Wk6-b","Wk6-b-HFD","Weeks_4-6","HFDW6","HFW62",6,42,"HFD"
"hfd12wk431","X1653.431","12wk","1653_431/1653_431-N715-S518__ATCTCAGG-CTATTAAG__S266_L001_R1_001.fastq.gz,1653_431/1653_431-N715-S518__ATCTCAGG-CTATTAAG__S266_L001_R2_001.fastq.gz","HFD","HFD","Week-6","Wk6-c","Wk6-c-HFD","Weeks_4-6","HFDW6","HFW63",6,42,"HFD"
"hfd12wk432","X1653.432","12wk","1653_432/1653_432-N715-S520__ATCTCAGG-AAGGCTAT__S300_L001_R1_001.fastq.gz,1653_432/1653_432-N715-S520__ATCTCAGG-AAGGCTAT__S300_L001_R2_001.fastq.gz","HFD","HFD","Week-6","Wk6-d","Wk6-d-HFD","Weeks_4-6","HFDW6","HFW64",6,42,"HFD"
"hfd12wk433","X1653.433","12wk","1653_433/1653_433-N715-S521__ATCTCAGG-GAGCCTTA__S336_L001_R1_001.fastq.gz,1653_433/1653_433-N715-S521__ATCTCAGG-GAGCCTTA__S336_L001_R2_001.fastq.gz","HFD","HFD","Week-6","Wk6-e","Wk6-e-HFD","Weeks_4-6","HFDW6","HFW65",6,42,"HFD"
"hfd12wk434","X1653.434","12wk","1653_434/1653_434-N715-S522__ATCTCAGG-TTATGCGA__S372_L001_R1_001.fastq.gz,1653_434/1653_434-N715-S522__ATCTCAGG-TTATGCGA__S372_L001_R2_001.fastq.gz","HFD","HFD","Week-7","Wk7-a","Wk7-a-HFD","Weeks_7-9","HFDW7","HFW71",7,49,"HFD"
"hfd12wk435","X1653.435","12wk","1653_435/1653_435-N716-S513__ACTCGCTA-TCGACTAG__S92_L001_R1_001.fastq.gz,1653_435/1653_435-N716-S513__ACTCGCTA-TCGACTAG__S92_L001_R2_001.fastq.gz","HFD","HFD","Week-7","Wk7-b","Wk7-b-HFD","Weeks_7-9","HFDW7","HFW72",7,49,"HFD"
"hfd12wk436","X1653.436","12wk","1653_436/1653_436-N716-S515__ACTCGCTA-TTCTAGCT__S128_L001_R1_001.fastq.gz,1653_436/1653_436-N716-S515__ACTCGCTA-TTCTAGCT__S128_L001_R2_001.fastq.gz","HFD","HFD","Week-7","Wk7-c","Wk7-c-HFD","Weeks_7-9","HFDW7","HFW73",7,49,"HFD"
"hfd12wk437","X1653.437","12wk","1653_437/1653_437-N716-S516__ACTCGCTA-CCTAGAGT__S163_L001_R1_001.fastq.gz,1653_437/1653_437-N716-S516__ACTCGCTA-CCTAGAGT__S163_L001_R2_001.fastq.gz","HFD","HFD","Week-7","Wk7-d","Wk7-d-HFD","Weeks_7-9","HFDW7","HFW74",7,49,"HFD"
"hfd12wk438","X1653.438","12wk","1653_438/1653_438-N716-S517__ACTCGCTA-GCGTAAGA__S199_L001_R1_001.fastq.gz,1653_438/1653_438-N716-S517__ACTCGCTA-GCGTAAGA__S199_L001_R2_001.fastq.gz","HFD","HFD","Week-7","Wk7-e","Wk7-e-HFD","Weeks_7-9","HFDW7","HFW75",7,49,"HFD"
"hfd12wk439","X1653.439","12wk","1653_439/1653_439-N716-S518__ACTCGCTA-CTATTAAG__S235_L001_R1_001.fastq.gz,1653_439/1653_439-N716-S518__ACTCGCTA-CTATTAAG__S235_L001_R2_001.fastq.gz","HFD","HFD","Week-8","Wk8-a","Wk8-a-HFD","Weeks_7-9","HFDW8","HFW81",8,56,"HFD"
"hfd12wk440","X1653.440","12wk","1653_440/1653_440-N716-S520__ACTCGCTA-AAGGCTAT__S270_L001_R1_001.fastq.gz,1653_440/1653_440-N716-S520__ACTCGCTA-AAGGCTAT__S270_L001_R2_001.fastq.gz","HFD","HFD","Week-8","Wk8-b","Wk8-b-HFD","Weeks_7-9","HFDW8","HFW82",8,56,"HFD"
"hfd12wk441","X1653.441","12wk","1653_441/1653_441-N716-S521__ACTCGCTA-GAGCCTTA__S304_L001_R1_001.fastq.gz,1653_441/1653_441-N716-S521__ACTCGCTA-GAGCCTTA__S304_L001_R2_001.fastq.gz","HFD","HFD","Week-8","Wk8-c","Wk8-c-HFD","Weeks_7-9","HFDW8","HFW83",8,56,"HFD"
"hfd12wk442","X1653.442","12wk","1653_442/1653_442-N716-S522__ACTCGCTA-TTATGCGA__S340_L001_R1_001.fastq.gz,1653_442/1653_442-N716-S522__ACTCGCTA-TTATGCGA__S340_L001_R2_001.fastq.gz","HFD","HFD","Week-8","Wk8-d","Wk8-d-HFD","Weeks_7-9","HFDW8","HFW84",8,56,"HFD"
"hfd12wk443","X1653.443","12wk","1653_443/1653_443-N718-S513__GGAGCTAC-TCGACTAG__S95_L001_R1_001.fastq.gz,1653_443/1653_443-N718-S513__GGAGCTAC-TCGACTAG__S95_L001_R2_001.fastq.gz","HFD","HFD","Week-8","Wk8-e","Wk8-e-HFD","Weeks_7-9","HFDW8","HFW85",8,56,"HFD"
"hfd12wk444","X1653.444","12wk","1653_444/1653_444-N718-S515__GGAGCTAC-TTCTAGCT__S131_L001_R1_001.fastq.gz,1653_444/1653_444-N718-S515__GGAGCTAC-TTCTAGCT__S131_L001_R2_001.fastq.gz","HFD","HFD","Week-9","Wk9-a","Wk9-a-HFD","Weeks_7-9","HFDW9","HFW91",9,63,"HFD"
"hfd12wk445","X1653.445","12wk","1653_445/1653_445-N718-S516__GGAGCTAC-CCTAGAGT__S166_L001_R1_001.fastq.gz,1653_445/1653_445-N718-S516__GGAGCTAC-CCTAGAGT__S166_L001_R2_001.fastq.gz","HFD","HFD","Week-9","Wk9-b","Wk9-b-HFD","Weeks_7-9","HFDW9","HFW92",9,63,"HFD"
"hfd12wk446","X1653.446","12wk","1653_446/1653_446-N718-S517__GGAGCTAC-GCGTAAGA__S202_L001_R1_001.fastq.gz,1653_446/1653_446-N718-S517__GGAGCTAC-GCGTAAGA__S202_L001_R2_001.fastq.gz","HFD","HFD","Week-9","Wk9-c","Wk9-c-HFD","Weeks_7-9","HFDW9","HFW93",9,63,"HFD"
"hfd12wk447","X1653.447","12wk","1653_447/1653_447-N718-S518__GGAGCTAC-CTATTAAG__S238_L001_R1_001.fastq.gz,1653_447/1653_447-N718-S518__GGAGCTAC-CTATTAAG__S238_L001_R2_001.fastq.gz","HFD","HFD","Week-9","Wk9-d","Wk9-d-HFD","Weeks_7-9","HFDW9","HFW94",9,63,"HFD"
"hfd12wk448","X1653.448","12wk","1653_448/1653_448-N718-S520__GGAGCTAC-AAGGCTAT__S273_L001_R1_001.fastq.gz,1653_448/1653_448-N718-S520__GGAGCTAC-AAGGCTAT__S273_L001_R2_001.fastq.gz","HFD","HFD","Week-9","Wk9-e","Wk9-e-HFD","Weeks_7-9","HFDW9","HFW95",9,63,"HFD"
"hfd12wk449","X1653.449","12wk","1653_449/1653_449-N718-S521__GGAGCTAC-GAGCCTTA__S307_L001_R1_001.fastq.gz,1653_449/1653_449-N718-S521__GGAGCTAC-GAGCCTTA__S307_L001_R2_001.fastq.gz","HFD","HFD","Week-10","Wk10-a","Wk10-a-HFD","Weeks_10-12","HFDW10","HFW101",10,70,"HFD"
"hfd12wk450","X1653.450","12wk","1653_450/1653_450-N718-S522__GGAGCTAC-TTATGCGA__S343_L001_R1_001.fastq.gz,1653_450/1653_450-N718-S522__GGAGCTAC-TTATGCGA__S343_L001_R2_001.fastq.gz","HFD","HFD","Week-10","Wk10-b","Wk10-b-HFD","Weeks_10-12","HFDW10","HFW102",10,70,"HFD"
"hfd12wk451","X1653.451","12wk","1653_451/1653_451-N719-S513__GCGTAGTA-TCGACTAG__S98_L001_R1_001.fastq.gz,1653_451/1653_451-N719-S513__GCGTAGTA-TCGACTAG__S98_L001_R2_001.fastq.gz","HFD","HFD","Week-10","Wk10-c","Wk10-c-HFD","Weeks_10-12","HFDW10","HFW103",10,70,"HFD"
"hfd12wk452","X1653.452","12wk","1653_452/1653_452-N719-S515__GCGTAGTA-TTCTAGCT__S134_L001_R1_001.fastq.gz,1653_452/1653_452-N719-S515__GCGTAGTA-TTCTAGCT__S134_L001_R2_001.fastq.gz","HFD","HFD","Week-10","Wk10-d","Wk10-d-HFD","Weeks_10-12","HFDW10","HFW104",10,70,"HFD"
"hfd12wk453","X1653.453","12wk","1653_453/1653_453-N719-S516__GCGTAGTA-CCTAGAGT__S169_L001_R1_001.fastq.gz,1653_453/1653_453-N719-S516__GCGTAGTA-CCTAGAGT__S169_L001_R2_001.fastq.gz","HFD","HFD","Week-10","Wk10-e","Wk10-e-HFD","Weeks_10-12","HFDW10","HFW105",10,70,"HFD"
"hfd12wk454","X1653.454","12wk","1653_454/1653_454-N719-S517__GCGTAGTA-GCGTAAGA__S205_L001_R1_001.fastq.gz,1653_454/1653_454-N719-S517__GCGTAGTA-GCGTAAGA__S205_L001_R2_001.fastq.gz","HFD","HFD","Week-11","Wk11-a","Wk11-a-HFD","Weeks_10-12","HFDW11","HFW111",11,77,"HFD"
"hfd12wk455","X1653.455","12wk","1653_455/1653_455-N719-S518__GCGTAGTA-CTATTAAG__S241_L001_R1_001.fastq.gz,1653_455/1653_455-N719-S518__GCGTAGTA-CTATTAAG__S241_L001_R2_001.fastq.gz","HFD","HFD","Week-11","Wk11-b","Wk11-b-HFD","Weeks_10-12","HFDW11","HFW112",11,77,"HFD"
"hfd12wk456","X1653.456","12wk","1653_456/1653_456-N719-S520__GCGTAGTA-AAGGCTAT__S276_L001_R1_001.fastq.gz,1653_456/1653_456-N719-S520__GCGTAGTA-AAGGCTAT__S276_L001_R2_001.fastq.gz","HFD","HFD","Week-11","Wk11-c","Wk11-c-HFD","Weeks_10-12","HFDW11","HFW113",11,77,"HFD"
"hfd12wk457","X1653.457","12wk","1653_457/1653_457-N719-S521__GCGTAGTA-GAGCCTTA__S310_L001_R1_001.fastq.gz,1653_457/1653_457-N719-S521__GCGTAGTA-GAGCCTTA__S310_L001_R2_001.fastq.gz","HFD","HFD","Week-11","Wk11-d","Wk11-d-HFD","Weeks_10-12","HFDW11","HFW114",11,77,"HFD"
"hfd12wk458","X1653.458","12wk","1653_458/1653_458-N719-S522__GCGTAGTA-TTATGCGA__S346_L001_R1_001.fastq.gz,1653_458/1653_458-N719-S522__GCGTAGTA-TTATGCGA__S346_L001_R2_001.fastq.gz","HFD","HFD","Week-11","Wk11-e","Wk11-e-HFD","Weeks_10-12","HFDW11","HFW115",11,77,"HFD"
"hfd12wk459","X1653.459","12wk","1653_459/1653_459-N720-S513__CGGAGCCT-TCGACTAG__S101_L001_R1_001.fastq.gz,1653_459/1653_459-N720-S513__CGGAGCCT-TCGACTAG__S101_L001_R2_001.fastq.gz","HFD","HFD","Week-12","Wk12-a","Wk12-a-HFD","Weeks_10-12","HFDW12","HFW121",12,84,"HFD"
"hfd12wk460","X1653.460","12wk","1653_460/1653_460-N720-S515__CGGAGCCT-TTCTAGCT__S137_L001_R1_001.fastq.gz,1653_460/1653_460-N720-S515__CGGAGCCT-TTCTAGCT__S137_L001_R2_001.fastq.gz","HFD","HFD","Week-12","Wk12-b","Wk12-b-HFD","Weeks_10-12","HFDW12","HFW122",12,84,"HFD"
"hfd12wk461","X1653.461","12wk","1653_461/1653_461-N720-S516__CGGAGCCT-CCTAGAGT__S172_L001_R1_001.fastq.gz,1653_461/1653_461-N720-S516__CGGAGCCT-CCTAGAGT__S172_L001_R2_001.fastq.gz","HFD","HFD","Week-12","Wk12-c","Wk12-c-HFD","Weeks_10-12","HFDW12","HFW123",12,84,"HFD"
"hfd12wk462","X1653.462","12wk","1653_462/1653_462-N720-S517__CGGAGCCT-GCGTAAGA__S208_L001_R1_001.fastq.gz,1653_462/1653_462-N720-S517__CGGAGCCT-GCGTAAGA__S208_L001_R2_001.fastq.gz","HFD","HFD","Week-12","Wk12-d","Wk12-d-HFD","Weeks_10-12","HFDW12","HFW124",12,84,"HFD"
"hfd12wk463","X1653.463","12wk","1653_463/1653_463-N720-S518__CGGAGCCT-CTATTAAG__S244_L001_R1_001.fastq.gz,1653_463/1653_463-N720-S518__CGGAGCCT-CTATTAAG__S244_L001_R2_001.fastq.gz","HFD","HFD","Week-12","Wk12-e","Wk12-e-HFD","Weeks_10-12","HFDW12","HFW125",12,84,"HFD"
